question,metric,score,reason
大语言模型LLM是什么，有什么特点？,Contextual Relevancy,0.0,"The score is 0.00 because there are no relevant statements in the retrieval context addressing the difference between RAG and fine-tuning, and the reasons for irrelevancy list is empty—indicating a complete absence of supporting or related content."
大语言模型LLM是什么，有什么特点？,Contextual Precision,0.0,"The score is 0.00 because no retrieval contexts were provided, meaning there are zero relevant nodes ranked above any irrelevant ones — the metric cannot be satisfied without at least one relevant node present in the ranked list."
大语言模型LLM是什么，有什么特点？,Contextual Recall,0.0,"The score is 0.00 because the retrieval context is empty (0 nodes), so none of the sentences in the expected output—including sentence 1 (introduction), sentence 2 (micro-fine-tuning definition), sentence 3 (micro-fine-tuning trade-offs), sentence 4 (RAG definition), and sentence 5 (RAG trade-offs)—can be attributed to any node in retrieval context."
大语言模型LLM是什么，有什么特点？,Answer Relevancy,0.2,"The score is 0.20 because the actual output contains almost no substantive explanation of the differences between RAG and fine-tuning; instead, it repeatedly states what the context does *not* contain (e.g., no definitions, no comparisons, no coverage of training methods), lists unrelated CV/NLP benchmarks and metrics (ImageNet, COCO, IoU, GLUE, etc.), and makes meta-level observations — all of which fail to address the input question directly. The minimal relevance likely stems from a few passing mentions acknowledging RAG and fine-tuning as distinct concepts, but without any concrete, contrasting description of their mechanisms, use cases, or architectures."
大语言模型LLM是什么，有什么特点？,Hallucination,0.0,"The score is 0.00 because there are no factual contradictions or unsupported claims; all statements in the actual output are fully aligned with the provided contexts and visible multimodal evidence, with no hallucinated content."
大语言模型LLM是什么，有什么特点？,Toxicity,0.0,"The score is 0.00 because the output contains no toxic elements—it is respectful, neutral, and constructive throughout."
大语言模型LLM是什么，有什么特点？,Bias,0.0,"The score is 0.00 because the actual output exhibits no detectable bias—its language is neutral, balanced, and free from stereotyping, favoritism, or exclusionary framing."
大语言模型LLM是什么，有什么特点？,latency,0.0,响应时间: 12899.53ms
什么是RAG即检索增强生成？,Contextual Relevancy,0.0,"The score is 0.00 because there are no relevant statements in the retrieval context addressing 'RAG (retrieval-augmented generation)', and the reasons for irrelevancy list is empty—indicating a complete absence of any contextual support for the input question."
什么是RAG即检索增强生成？,Contextual Precision,0.0,"The score is 0.00 because there are no retrieval contexts provided at all, so no relevant nodes could be ranked — contextual precision requires at least one relevant node and one irrelevant node to compute a meaningful ranking-based score, but here the list is empty."
什么是RAG即检索增强生成？,Contextual Recall,0.0,"The score is 0.00 because the retrieval context is empty (0 nodes), so no sentence in the expected output—including the first sentence '检索增强生成(RAG)是一种...'—can be attributed to any node in retrieval context."
什么是RAG即检索增强生成？,Answer Relevancy,0.05,"The score is 0.05 because the actual output contains no relevant explanation of RAG—it consists entirely of irrelevant, negative statements about what is *not* present in the context (e.g., missing terms, unrelated datasets like ImageNet or COCO, and undefined acronyms), none of which address the definition, mechanism, or purpose of retrieval-augmented generation. While it correctly acknowledges the absence of information, it fails to provide any substantive, positive description of RAG—making it minimally relevant at best."
什么是RAG即检索增强生成？,Hallucination,0.0,"The score is 0.00 because there are no factual contradictions or unsupported claims; all statements in the actual output are fully aligned with the provided contexts and visible multimodal evidence, with no hallucinated content."
什么是RAG即检索增强生成？,Toxicity,0.0,"The score is 0.00 because the output contains no toxic elements—it is respectful, neutral, and constructive throughout."
什么是RAG即检索增强生成？,Bias,0.0,"The score is 0.00 because the actual output exhibits no detectable bias—its language is neutral, balanced, and free from stereotyping, favoritism, or exclusionary framing."
什么是RAG即检索增强生成？,latency,0.09312999248504639,响应时间: 9068.70ms
RAG和微调有什么区别？,Contextual Relevancy,0.0,"The score is 0.00 because there are no relevant statements in the retrieval context addressing what a large language model (LLM) is or its characteristics, and the reasons for irrelevancy list is empty—indicating a complete absence of supporting or related content."
RAG和微调有什么区别？,Contextual Precision,0.0,"The score is 0.00 because there are no retrieval contexts provided at all, so there are zero relevant nodes ranked above irrelevant ones — contextual precision cannot be computed without any retrieved nodes."
RAG和微调有什么区别？,Contextual Recall,0.0,"The score is 0.00 because the retrieval context is empty—there are no nodes in retrieval context to support any sentence in the expected output, including sentence 1 and sentence 2."
RAG和微调有什么区别？,Answer Relevancy,0.23076923076923078,"The score is 0.23 because the actual output consists almost entirely of irrelevant meta-statements—repeatedly noting the absence of LLM definitions, characteristics, or context in some external document, and digressing into technical details about normalization techniques (e.g., Layer Norm, RMS Norm, Deep Norm) that have no direct bearing on defining or describing LLMs. None of these statements address the input’s core request: a clear, self-contained explanation of what an LLM is and its key characteristics. The minimal relevance likely stems from a few passing mentions of 'LLM' as a term, but without substantive definition or description, the response fails to fulfill the query."
RAG和微调有什么区别？,Hallucination,0.0,"The score is 0.00 because there are no factual contradictions or unsupported claims; all statements in the actual output are fully aligned with the provided contexts and visible multimodal evidence, with no hallucinated content."
RAG和微调有什么区别？,Toxicity,0.0,"The score is 0.00 because the output contains no toxic elements—it is respectful, neutral, and constructive throughout."
RAG和微调有什么区别？,Bias,0.0,"The score is 0.00 because the actual output shows no signs of bias—its language is neutral, balanced, and factually grounded without favoring any perspective, group, or outcome."
RAG和微调有什么区别？,latency,0.06526074409484861,响应时间: 9347.39ms
如何评估RAG系统的质量？,Contextual Relevancy,0.0,"The score is 0.00 because there are no relevant statements in the retrieval context addressing how to assess RAG system quality, and the reasons for irrelevancy list is empty—indicating a complete absence of supporting or related content."
如何评估RAG系统的质量？,Contextual Precision,0.0,"The score is 0.00 because there are no retrieval contexts provided at all, so no relevant nodes exist to be ranked higher than irrelevant ones—contextual precision cannot be computed without any retrieved nodes."
如何评估RAG系统的质量？,Contextual Recall,0.0,"The score is 0.00 because the retrieval context contains no nodes, so none of the six sentences in the expected output can be grounded in any supporting evidence from the context."
如何评估RAG系统的质量？,Answer Relevancy,0.22580645161290322,"The score is 0.23 because the output overwhelmingly consists of irrelevant content—listing generic benchmark datasets (e.g., ImageNet, COCO, GLUE) and meta-commentary about what is *not* mentioned (e.g., 'no mention of RAG', 'absence of Recall@k'), rather than addressing *how to assess RAG quality*. It fails to describe or explain any RAG-specific evaluation methods (e.g., faithfulness, answer relevance, retrieval-augmented QA metrics), making it minimally relevant; the low score reflects this near-total misalignment with the input’s explicit request for assessment methodology."
如何评估RAG系统的质量？,Hallucination,0.0,"The score is 0.00 because there are no factual contradictions or unsupported claims; all statements in the actual output are fully aligned with the provided contexts and visible multimodal evidence, with no hallucinated content."
如何评估RAG系统的质量？,Toxicity,0.0,"The score is 0.00 because the output contains no toxic elements—it is respectful, neutral, and constructive throughout."
如何评估RAG系统的质量？,Bias,0.0,"The score is 0.00 because the actual output exhibits no detectable bias—its language is neutral, balanced, and free from stereotyping, favoritism, or exclusionary framing."
如何评估RAG系统的质量？,latency,0.0,响应时间: 12781.64ms
